"	지점번호",지점명,일시,강수량(mm)
"	90",속초,2017.1.1,
"	90",속초,2017.1.2,
"	90",속초,2017.1.3,
"	90",속초,2017.1.4,
"	90",속초,2017.1.5,15.5
"	90",속초,2017.1.6,0
"	90",속초,2017.1.7,0.5
"	90",속초,2017.1.8,13.5
"	90",속초,2017.1.9,0
"	90",속초,2017.1.10,
"	90",속초,2017.1.11,
"	90",속초,2017.1.12,
"	90",속초,2017.1.13,
"	90",속초,2017.1.14,
"	90",속초,2017.1.15,
"	90",속초,2017.1.16,
"	90",속초,2017.1.17,
"	90",속초,2017.1.18,
"	90",속초,2017.1.19,
"	90",속초,2017.1.20,29.3
"	90",속초,2017.1.21,0
"	90",속초,2017.1.22,0
"	90",속초,2017.1.23,
"	90",속초,2017.1.24,
"	90",속초,2017.1.25,
"	90",속초,2017.1.26,
"	90",속초,2017.1.27,0
"	90",속초,2017.1.28,
"	90",속초,2017.1.29,6.8
"	90",속초,2017.1.30,16.8
"	90",속초,2017.1.31,
"	90",속초,2017.2.1,
"	90",속초,2017.2.2,
"	90",속초,2017.2.3,
"	90",속초,2017.2.4,
"	90",속초,2017.2.5,0
"	90",속초,2017.2.6,
"	90",속초,2017.2.7,
"	90",속초,2017.2.8,
"	90",속초,2017.2.9,
"	90",속초,2017.2.10,
"	90",속초,2017.2.11,
"	90",속초,2017.2.12,
"	90",속초,2017.2.13,
"	90",속초,2017.2.14,
"	90",속초,2017.2.15,
"	90",속초,2017.2.16,
"	90",속초,2017.2.17,0
"	90",속초,2017.2.18,0
"	90",속초,2017.2.19,
"	90",속초,2017.2.20,0
"	90",속초,2017.2.21,
"	90",속초,2017.2.22,3.2
"	90",속초,2017.2.23,
"	90",속초,2017.2.24,
"	90",속초,2017.2.25,
"	90",속초,2017.2.26,
"	90",속초,2017.2.27,0
"	90",속초,2017.2.28,
"	90",속초,2017.3.1,0.2
"	90",속초,2017.3.2,7.9
"	90",속초,2017.3.3,
"	90",속초,2017.3.4,0
"	90",속초,2017.3.5,1.7
"	90",속초,2017.3.6,6.5
"	90",속초,2017.3.7,
"	90",속초,2017.3.8,
"	90",속초,2017.3.9,0
"	90",속초,2017.3.10,
"	90",속초,2017.3.11,
"	90",속초,2017.3.12,
"	90",속초,2017.3.13,
"	90",속초,2017.3.14,8.3
"	90",속초,2017.3.15,
"	90",속초,2017.3.16,
"	90",속초,2017.3.17,
"	90",속초,2017.3.18,
"	90",속초,2017.3.19,
"	90",속초,2017.3.20,
"	90",속초,2017.3.21,4.8
"	90",속초,2017.3.22,
"	90",속초,2017.3.23,0.9
"	90",속초,2017.3.24,
"	90",속초,2017.3.25,4.7
"	90",속초,2017.3.26,0.6
"	90",속초,2017.3.27,1.3
"	90",속초,2017.3.28,
"	90",속초,2017.3.29,
"	90",속초,2017.3.30,
"	90",속초,2017.3.31,11.8
"	90",속초,2017.4.1,11.2
"	90",속초,2017.4.2,0.1
"	90",속초,2017.4.3,
"	90",속초,2017.4.4,
"	90",속초,2017.4.5,4.5
"	90",속초,2017.4.6,1.2
"	90",속초,2017.4.7,
"	90",속초,2017.4.8,0
"	90",속초,2017.4.9,5.6
"	90",속초,2017.4.10,
"	90",속초,2017.4.11,0
"	90",속초,2017.4.12,0.2
"	90",속초,2017.4.13,
"	90",속초,2017.4.14,0
"	90",속초,2017.4.15,
"	90",속초,2017.4.16,
"	90",속초,2017.4.17,17.1
"	90",속초,2017.4.18,6.4
"	90",속초,2017.4.19,
"	90",속초,2017.4.20,
"	90",속초,2017.4.21,0.4
"	90",속초,2017.4.22,
"	90",속초,2017.4.23,
"	90",속초,2017.4.24,
"	90",속초,2017.4.25,
"	90",속초,2017.4.26,
"	90",속초,2017.4.27,
"	90",속초,2017.4.28,
"	90",속초,2017.4.29,0.1
"	90",속초,2017.4.30,
"	90",속초,2017.5.1,
"	90",속초,2017.5.2,
"	90",속초,2017.5.3,
"	90",속초,2017.5.4,
"	90",속초,2017.5.5,
"	90",속초,2017.5.6,
"	90",속초,2017.5.7,
"	90",속초,2017.5.8,
"	90",속초,2017.5.9,3.6
"	90",속초,2017.5.10,0.2
"	90",속초,2017.5.11,0
"	90",속초,2017.5.12,0
"	90",속초,2017.5.13,9.8
"	90",속초,2017.5.14,
"	90",속초,2017.5.15,
"	90",속초,2017.5.16,
"	90",속초,2017.5.17,
"	90",속초,2017.5.18,
"	90",속초,2017.5.19,
"	90",속초,2017.5.20,
"	90",속초,2017.5.21,
"	90",속초,2017.5.22,
"	90",속초,2017.5.23,9.1
"	90",속초,2017.5.24,1.7
"	90",속초,2017.5.25,0
"	90",속초,2017.5.26,0.8
"	90",속초,2017.5.27,
"	90",속초,2017.5.28,
"	90",속초,2017.5.29,
"	90",속초,2017.5.30,
"	90",속초,2017.5.31,
"	90",속초,2017.6.1,15
"	90",속초,2017.6.2,0.8
"	90",속초,2017.6.3,4.3
"	90",속초,2017.6.4,1.1
"	90",속초,2017.6.5,
"	90",속초,2017.6.6,8.8
"	90",속초,2017.6.7,3.2
"	90",속초,2017.6.8,
"	90",속초,2017.6.9,14.1
"	90",속초,2017.6.10,0.3
"	90",속초,2017.6.11,
"	90",속초,2017.6.12,
"	90",속초,2017.6.13,3.1
"	90",속초,2017.6.14,
"	90",속초,2017.6.15,
"	90",속초,2017.6.16,
"	90",속초,2017.6.17,
"	90",속초,2017.6.18,
"	90",속초,2017.6.19,
"	90",속초,2017.6.20,
"	90",속초,2017.6.21,0.9
"	90",속초,2017.6.22,
"	90",속초,2017.6.23,
"	90",속초,2017.6.24,1.5
"	90",속초,2017.6.25,2.2
"	90",속초,2017.6.26,14.4
"	90",속초,2017.6.27,
"	90",속초,2017.6.28,
"	90",속초,2017.6.29,
"	90",속초,2017.6.30,
"	90",속초,2017.7.1,
"	90",속초,2017.7.2,18.8
"	90",속초,2017.7.3,49.2
"	90",속초,2017.7.4,
"	90",속초,2017.7.5,
"	90",속초,2017.7.6,
"	90",속초,2017.7.7,3.1
"	90",속초,2017.7.8,67.6
"	90",속초,2017.7.9,
"	90",속초,2017.7.10,9.3
"	90",속초,2017.7.11,12.5
"	90",속초,2017.7.12,
"	90",속초,2017.7.13,
"	90",속초,2017.7.14,
"	90",속초,2017.7.15,1.5
"	90",속초,2017.7.16,
"	90",속초,2017.7.17,
"	90",속초,2017.7.18,
"	90",속초,2017.7.19,
"	90",속초,2017.7.20,
"	90",속초,2017.7.21,18.7
"	90",속초,2017.7.22,40.1
"	90",속초,2017.7.23,25.2
"	90",속초,2017.7.24,9
"	90",속초,2017.7.25,2.8
"	90",속초,2017.7.26,
"	90",속초,2017.7.27,0
"	90",속초,2017.7.28,7.6
"	90",속초,2017.7.29,4.9
"	90",속초,2017.7.30,
"	90",속초,2017.7.31,
"	90",속초,2017.8.1,
"	90",속초,2017.8.2,
"	90",속초,2017.8.3,
"	90",속초,2017.8.4,
"	90",속초,2017.8.5,
"	90",속초,2017.8.6,3.3
"	90",속초,2017.8.7,3.4
"	90",속초,2017.8.8,
"	90",속초,2017.8.9,6.4
"	90",속초,2017.8.10,74.9
"	90",속초,2017.8.11,54.4
"	90",속초,2017.8.12,0.7
"	90",속초,2017.8.13,0
"	90",속초,2017.8.14,1
"	90",속초,2017.8.15,65.3
"	90",속초,2017.8.16,18.4
"	90",속초,2017.8.17,24.3
"	90",속초,2017.8.18,89.4
"	90",속초,2017.8.19,4.4
"	90",속초,2017.8.20,31.1
"	90",속초,2017.8.21,18.6
"	90",속초,2017.8.22,
"	90",속초,2017.8.23,5.2
"	90",속초,2017.8.24,20
"	90",속초,2017.8.25,
"	90",속초,2017.8.26,
"	90",속초,2017.8.27,0
"	90",속초,2017.8.28,4.1
"	90",속초,2017.8.29,
"	90",속초,2017.8.30,
"	90",속초,2017.8.31,
"	90",속초,2017.9.1,
"	90",속초,2017.9.2,
"	90",속초,2017.9.3,
"	90",속초,2017.9.4,
"	90",속초,2017.9.5,
"	90",속초,2017.9.6,0
"	90",속초,2017.9.7,
"	90",속초,2017.9.8,
"	90",속초,2017.9.9,
"	90",속초,2017.9.10,
"	90",속초,2017.9.11,13.1
"	90",속초,2017.9.12,
"	90",속초,2017.9.13,
"	90",속초,2017.9.14,
"	90",속초,2017.9.15,0
"	90",속초,2017.9.16,0
"	90",속초,2017.9.17,5.1
"	90",속초,2017.9.18,
"	90",속초,2017.9.19,28.8
"	90",속초,2017.9.20,
"	90",속초,2017.9.21,
"	90",속초,2017.9.22,
"	90",속초,2017.9.23,
"	90",속초,2017.9.24,0
"	90",속초,2017.9.25,
"	90",속초,2017.9.26,
"	90",속초,2017.9.27,2.1
"	90",속초,2017.9.28,1.4
"	90",속초,2017.9.29,
"	90",속초,2017.9.30,
"	90",속초,2017.10.1,0
"	90",속초,2017.10.2,0
"	90",속초,2017.10.3,4.6
"	90",속초,2017.10.4,0
"	90",속초,2017.10.5,
"	90",속초,2017.10.6,14.8
"	90",속초,2017.10.7,0.2
"	90",속초,2017.10.8,
"	90",속초,2017.10.9,
"	90",속초,2017.10.10,38.8
"	90",속초,2017.10.11,36.5
"	90",속초,2017.10.12,0
"	90",속초,2017.10.13,
"	90",속초,2017.10.14,
"	90",속초,2017.10.15,
"	90",속초,2017.10.16,
"	90",속초,2017.10.17,0
"	90",속초,2017.10.18,0
"	90",속초,2017.10.19,
"	90",속초,2017.10.20,
"	90",속초,2017.10.21,
"	90",속초,2017.10.22,3.2
"	90",속초,2017.10.23,
"	90",속초,2017.10.24,
"	90",속초,2017.10.25,
"	90",속초,2017.10.26,
"	90",속초,2017.10.27,
"	90",속초,2017.10.28,
"	90",속초,2017.10.29,37.3
"	90",속초,2017.10.30,
"	90",속초,2017.10.31,
"	90",속초,2017.11.1,
"	90",속초,2017.11.2,
"	90",속초,2017.11.3,20.9
"	90",속초,2017.11.4,18.1
"	90",속초,2017.11.5,
"	90",속초,2017.11.6,
"	90",속초,2017.11.7,
"	90",속초,2017.11.8,
"	90",속초,2017.11.9,
"	90",속초,2017.11.10,1.1
"	90",속초,2017.11.11,
"	90",속초,2017.11.12,
"	90",속초,2017.11.13,
"	90",속초,2017.11.14,
"	90",속초,2017.11.15,
"	90",속초,2017.11.16,
"	90",속초,2017.11.17,
"	90",속초,2017.11.18,
"	90",속초,2017.11.19,
"	90",속초,2017.11.20,
"	90",속초,2017.11.21,
"	90",속초,2017.11.22,0
"	90",속초,2017.11.23,
"	90",속초,2017.11.24,
"	90",속초,2017.11.25,1.1
"	90",속초,2017.11.26,
"	90",속초,2017.11.27,
"	90",속초,2017.11.28,
"	90",속초,2017.11.29,
"	90",속초,2017.11.30,
"	90",속초,2017.12.1,
"	90",속초,2017.12.2,
"	90",속초,2017.12.3,
"	90",속초,2017.12.4,
"	90",속초,2017.12.5,
"	90",속초,2017.12.6,
"	90",속초,2017.12.7,
"	90",속초,2017.12.8,
"	90",속초,2017.12.9,
"	90",속초,2017.12.10,0.5
"	90",속초,2017.12.11,
"	90",속초,2017.12.12,
"	90",속초,2017.12.13,
"	90",속초,2017.12.14,
"	90",속초,2017.12.15,
"	90",속초,2017.12.16,
"	90",속초,2017.12.17,
"	90",속초,2017.12.18,0
"	90",속초,2017.12.19,
"	90",속초,2017.12.20,0
"	90",속초,2017.12.21,
"	90",속초,2017.12.22,
"	90",속초,2017.12.23,
"	90",속초,2017.12.24,9.4
"	90",속초,2017.12.25,
"	90",속초,2017.12.26,
"	90",속초,2017.12.27,
"	90",속초,2017.12.28,
"	90",속초,2017.12.29,
"	90",속초,2017.12.30,
"	90",속초,2017.12.31,
"	90",속초,2018.1.1,
"	90",속초,2018.1.2,
"	90",속초,2018.1.3,
"	90",속초,2018.1.4,
"	90",속초,2018.1.5,
"	90",속초,2018.1.6,
"	90",속초,2018.1.7,
"	90",속초,2018.1.8,1.1
"	90",속초,2018.1.9,0.4
"	90",속초,2018.1.10,
"	90",속초,2018.1.11,
"	90",속초,2018.1.12,
"	90",속초,2018.1.13,
"	90",속초,2018.1.14,
"	90",속초,2018.1.15,
"	90",속초,2018.1.16,
"	90",속초,2018.1.17,
"	90",속초,2018.1.18,
"	90",속초,2018.1.19,
"	90",속초,2018.1.20,
"	90",속초,2018.1.21,
"	90",속초,2018.1.22,2.4
"	90",속초,2018.1.23,
"	90",속초,2018.1.24,
"	90",속초,2018.1.25,
"	90",속초,2018.1.26,
"	90",속초,2018.1.27,
"	90",속초,2018.1.28,
"	90",속초,2018.1.29,
"	90",속초,2018.1.30,
"	90",속초,2018.1.31,
"	90",속초,2018.2.1,
"	90",속초,2018.2.2,
"	90",속초,2018.2.3,
"	90",속초,2018.2.4,
"	90",속초,2018.2.5,
"	90",속초,2018.2.6,
"	90",속초,2018.2.7,
"	90",속초,2018.2.8,
"	90",속초,2018.2.9,
"	90",속초,2018.2.10,
"	90",속초,2018.2.11,
"	90",속초,2018.2.12,
"	90",속초,2018.2.13,
"	90",속초,2018.2.14,
"	90",속초,2018.2.15,
"	90",속초,2018.2.16,
"	90",속초,2018.2.17,
"	90",속초,2018.2.18,
"	90",속초,2018.2.19,
"	90",속초,2018.2.20,
"	90",속초,2018.2.21,
"	90",속초,2018.2.22,
"	90",속초,2018.2.23,0
"	90",속초,2018.2.24,5.4
"	90",속초,2018.2.25,
"	90",속초,2018.2.26,
"	90",속초,2018.2.27,
"	90",속초,2018.2.28,49
"	90",속초,2018.3.1,0.6
"	90",속초,2018.3.2,
"	90",속초,2018.3.3,
"	90",속초,2018.3.4,16
"	90",속초,2018.3.5,22
"	90",속초,2018.3.6,
"	90",속초,2018.3.7,2.4
"	90",속초,2018.3.8,9.4
"	90",속초,2018.3.9,0
"	90",속초,2018.3.10,
"	90",속초,2018.3.11,
"	90",속초,2018.3.12,
"	90",속초,2018.3.13,
"	90",속초,2018.3.14,
"	90",속초,2018.3.15,2.7
"	90",속초,2018.3.16,0.1
"	90",속초,2018.3.17,
"	90",속초,2018.3.18,0
"	90",속초,2018.3.19,1.8
"	90",속초,2018.3.20,
"	90",속초,2018.3.21,
"	90",속초,2018.3.22,
"	90",속초,2018.3.23,
"	90",속초,2018.3.24,
"	90",속초,2018.3.25,
"	90",속초,2018.3.26,
"	90",속초,2018.3.27,
"	90",속초,2018.3.28,
"	90",속초,2018.3.29,
"	90",속초,2018.3.30,
"	90",속초,2018.3.31,
"	90",속초,2018.4.1,
"	90",속초,2018.4.2,
"	90",속초,2018.4.3,1.6
"	90",속초,2018.4.4,22.6
"	90",속초,2018.4.5,11
"	90",속초,2018.4.6,5.7
"	90",속초,2018.4.7,
"	90",속초,2018.4.8,2.1
"	90",속초,2018.4.9,
"	90",속초,2018.4.10,6
"	90",속초,2018.4.11,0
"	90",속초,2018.4.12,
"	90",속초,2018.4.13,
"	90",속초,2018.4.14,19.1
"	90",속초,2018.4.15,
"	90",속초,2018.4.16,
"	90",속초,2018.4.17,
"	90",속초,2018.4.18,
"	90",속초,2018.4.19,
"	90",속초,2018.4.20,
"	90",속초,2018.4.21,
"	90",속초,2018.4.22,4.8
"	90",속초,2018.4.23,56.8
"	90",속초,2018.4.24,12
"	90",속초,2018.4.25,
"	90",속초,2018.4.26,
"	90",속초,2018.4.27,
"	90",속초,2018.4.28,
"	90",속초,2018.4.29,
"	90",속초,2018.4.30,
"	90",속초,2018.5.1,0.6
"	90",속초,2018.5.2,16.6
"	90",속초,2018.5.3,0.6
"	90",속초,2018.5.4,
"	90",속초,2018.5.5,
"	90",속초,2018.5.6,3.4
"	90",속초,2018.5.7,1.8
"	90",속초,2018.5.8,14.6
"	90",속초,2018.5.9,0
"	90",속초,2018.5.10,
"	90",속초,2018.5.11,
"	90",속초,2018.5.12,5.7
"	90",속초,2018.5.13,
"	90",속초,2018.5.14,
"	90",속초,2018.5.15,
"	90",속초,2018.5.16,10.5
"	90",속초,2018.5.17,47.3
"	90",속초,2018.5.18,19.3
"	90",속초,2018.5.19,
"	90",속초,2018.5.20,
"	90",속초,2018.5.21,
"	90",속초,2018.5.22,2.4
"	90",속초,2018.5.23,0.8
"	90",속초,2018.5.24,
"	90",속초,2018.5.25,
"	90",속초,2018.5.26,
"	90",속초,2018.5.27,
"	90",속초,2018.5.28,0
"	90",속초,2018.5.29,0
"	90",속초,2018.5.30,0
"	90",속초,2018.5.31,
"	90",속초,2018.6.1,
"	90",속초,2018.6.2,
"	90",속초,2018.6.3,
"	90",속초,2018.6.4,
"	90",속초,2018.6.5,
"	90",속초,2018.6.6,
"	90",속초,2018.6.7,
"	90",속초,2018.6.8,
"	90",속초,2018.6.9,1.5
"	90",속초,2018.6.10,7
"	90",속초,2018.6.11,1.2
"	90",속초,2018.6.12,
"	90",속초,2018.6.13,0
"	90",속초,2018.6.14,0.5
"	90",속초,2018.6.15,1.3
"	90",속초,2018.6.16,
"	90",속초,2018.6.17,
"	90",속초,2018.6.18,
"	90",속초,2018.6.19,
"	90",속초,2018.6.20,
"	90",속초,2018.6.21,
"	90",속초,2018.6.22,
"	90",속초,2018.6.23,
"	90",속초,2018.6.24,
"	90",속초,2018.6.25,
"	90",속초,2018.6.26,18.6
"	90",속초,2018.6.27,
"	90",속초,2018.6.28,16.4
"	90",속초,2018.6.29,
"	90",속초,2018.6.30,0
"	90",속초,2018.7.1,53.2
"	90",속초,2018.7.2,17.8
"	90",속초,2018.7.3,0.4
"	90",속초,2018.7.4,17.1
"	90",속초,2018.7.5,32.7
"	90",속초,2018.7.6,11.2
"	90",속초,2018.7.7,2.5
"	90",속초,2018.7.8,
"	90",속초,2018.7.9,11.3
"	90",속초,2018.7.10,12.3
"	90",속초,2018.7.11,23.2
"	90",속초,2018.7.12,
"	90",속초,2018.7.13,
"	90",속초,2018.7.14,
"	90",속초,2018.7.15,
"	90",속초,2018.7.16,
"	90",속초,2018.7.17,
"	90",속초,2018.7.18,
"	90",속초,2018.7.19,
"	90",속초,2018.7.20,
"	90",속초,2018.7.21,
"	90",속초,2018.7.22,
"	90",속초,2018.7.23,
"	90",속초,2018.7.24,
"	90",속초,2018.7.25,
"	90",속초,2018.7.26,
"	90",속초,2018.7.27,
"	90",속초,2018.7.28,0.1
"	90",속초,2018.7.29,0
"	90",속초,2018.7.30,3.6
"	90",속초,2018.7.31,
"	90",속초,2018.8.1,
"	90",속초,2018.8.2,
"	90",속초,2018.8.3,
"	90",속초,2018.8.4,
"	90",속초,2018.8.5,68.5
"	90",속초,2018.8.6,226.2
"	90",속초,2018.8.7,0.1
"	90",속초,2018.8.8,0.9
"	90",속초,2018.8.9,13.3
"	90",속초,2018.8.10,7.8
"	90",속초,2018.8.11,
"	90",속초,2018.8.12,
"	90",속초,2018.8.13,2.4
"	90",속초,2018.8.14,
"	90",속초,2018.8.15,17.6
"	90",속초,2018.8.16,5.9
"	90",속초,2018.8.17,0
"	90",속초,2018.8.18,
"	90",속초,2018.8.19,
"	90",속초,2018.8.20,
"	90",속초,2018.8.21,0.1
"	90",속초,2018.8.22,
"	90",속초,2018.8.23,2.3
"	90",속초,2018.8.24,97.2
"	90",속초,2018.8.25,
"	90",속초,2018.8.26,
"	90",속초,2018.8.27,0.6
"	90",속초,2018.8.28,17.7
"	90",속초,2018.8.29,164
"	90",속초,2018.8.30,
"	90",속초,2018.8.31,0.4
"	90",속초,2018.9.1,
"	90",속초,2018.9.2,
"	90",속초,2018.9.3,14
"	90",속초,2018.9.4,3.4
"	90",속초,2018.9.5,
"	90",속초,2018.9.6,
"	90",속초,2018.9.7,
"	90",속초,2018.9.8,
"	90",속초,2018.9.9,5.7
"	90",속초,2018.9.10,0
"	90",속초,2018.9.11,
"	90",속초,2018.9.12,
"	90",속초,2018.9.13,
"	90",속초,2018.9.14,0.1
"	90",속초,2018.9.15,0.4
"	90",속초,2018.9.16,0.6
"	90",속초,2018.9.17,
"	90",속초,2018.9.18,
"	90",속초,2018.9.19,0.3
"	90",속초,2018.9.20,17.2
"	90",속초,2018.9.21,24.4
"	90",속초,2018.9.22,
"	90",속초,2018.9.23,
"	90",속초,2018.9.24,
"	90",속초,2018.9.25,
"	90",속초,2018.9.26,
"	90",속초,2018.9.27,
"	90",속초,2018.9.28,
"	90",속초,2018.9.29,
"	90",속초,2018.9.30,
"	90",속초,2018.10.1,
"	90",속초,2018.10.2,
"	90",속초,2018.10.3,
"	90",속초,2018.10.4,0.3
"	90",속초,2018.10.5,25.9
"	90",속초,2018.10.6,130
"	90",속초,2018.10.7,
"	90",속초,2018.10.8,
"	90",속초,2018.10.9,0
"	90",속초,2018.10.10,0
"	90",속초,2018.10.11,
"	90",속초,2018.10.12,
"	90",속초,2018.10.13,
"	90",속초,2018.10.14,
"	90",속초,2018.10.15,
"	90",속초,2018.10.16,0
"	90",속초,2018.10.17,41.5
"	90",속초,2018.10.18,59.4
"	90",속초,2018.10.19,
"	90",속초,2018.10.20,
"	90",속초,2018.10.21,
"	90",속초,2018.10.22,
"	90",속초,2018.10.23,0
"	90",속초,2018.10.24,
"	90",속초,2018.10.25,
"	90",속초,2018.10.26,0
"	90",속초,2018.10.27,
"	90",속초,2018.10.28,0.5
"	90",속초,2018.10.29,0
"	90",속초,2018.10.30,
"	90",속초,2018.10.31,
"	90",속초,2018.11.1,
"	90",속초,2018.11.2,
"	90",속초,2018.11.3,
"	90",속초,2018.11.4,
"	90",속초,2018.11.5,0
"	90",속초,2018.11.6,9.8
"	90",속초,2018.11.7,152.8
"	90",속초,2018.11.8,27.8
"	90",속초,2018.11.9,0.3
"	90",속초,2018.11.10,
"	90",속초,2018.11.11,
"	90",속초,2018.11.12,0.2
"	90",속초,2018.11.13,10.9
"	90",속초,2018.11.14,4.7
"	90",속초,2018.11.15,
"	90",속초,2018.11.16,
"	90",속초,2018.11.17,
"	90",속초,2018.11.18,
"	90",속초,2018.11.19,
"	90",속초,2018.11.20,
"	90",속초,2018.11.21,
"	90",속초,2018.11.22,
"	90",속초,2018.11.23,
"	90",속초,2018.11.24,0.9
"	90",속초,2018.11.25,
"	90",속초,2018.11.26,
"	90",속초,2018.11.27,
"	90",속초,2018.11.28,
"	90",속초,2018.11.29,
"	90",속초,2018.11.30,
"	90",속초,2018.12.1,
"	90",속초,2018.12.2,
"	90",속초,2018.12.3,2.4
"	90",속초,2018.12.4,7.1
"	90",속초,2018.12.5,
"	90",속초,2018.12.6,0.6
"	90",속초,2018.12.7,
"	90",속초,2018.12.8,
"	90",속초,2018.12.9,
"	90",속초,2018.12.10,
"	90",속초,2018.12.11,0.3
"	90",속초,2018.12.12,
"	90",속초,2018.12.13,
"	90",속초,2018.12.14,
"	90",속초,2018.12.15,
"	90",속초,2018.12.16,
"	90",속초,2018.12.17,
"	90",속초,2018.12.18,
"	90",속초,2018.12.19,
"	90",속초,2018.12.20,
"	90",속초,2018.12.21,
"	90",속초,2018.12.22,
"	90",속초,2018.12.23,
"	90",속초,2018.12.24,
"	90",속초,2018.12.25,
"	90",속초,2018.12.26,
"	90",속초,2018.12.27,
"	90",속초,2018.12.28,
"	90",속초,2018.12.29,
"	90",속초,2018.12.30,
"	90",속초,2018.12.31,
"	90",속초,2019.1.1,
"	90",속초,2019.1.2,
"	90",속초,2019.1.3,
"	90",속초,2019.1.4,
"	90",속초,2019.1.5,
"	90",속초,2019.1.6,
"	90",속초,2019.1.7,
"	90",속초,2019.1.8,
"	90",속초,2019.1.9,
"	90",속초,2019.1.10,
"	90",속초,2019.1.11,
"	90",속초,2019.1.12,
"	90",속초,2019.1.13,
"	90",속초,2019.1.14,
"	90",속초,2019.1.15,
"	90",속초,2019.1.16,
"	90",속초,2019.1.17,
"	90",속초,2019.1.18,
"	90",속초,2019.1.19,
"	90",속초,2019.1.20,
"	90",속초,2019.1.21,
"	90",속초,2019.1.22,
"	90",속초,2019.1.23,
"	90",속초,2019.1.24,
"	90",속초,2019.1.25,
"	90",속초,2019.1.26,
"	90",속초,2019.1.27,
"	90",속초,2019.1.28,
"	90",속초,2019.1.29,
"	90",속초,2019.1.30,
"	90",속초,2019.1.31,8.7
"	90",속초,2019.2.1,
"	90",속초,2019.2.2,
"	90",속초,2019.2.3,13.6
"	90",속초,2019.2.4,
"	90",속초,2019.2.5,
"	90",속초,2019.2.6,
"	90",속초,2019.2.7,9.3
"	90",속초,2019.2.8,
"	90",속초,2019.2.9,
"	90",속초,2019.2.10,
"	90",속초,2019.2.11,
"	90",속초,2019.2.12,
"	90",속초,2019.2.13,
"	90",속초,2019.2.14,0
"	90",속초,2019.2.15,
"	90",속초,2019.2.16,
"	90",속초,2019.2.17,
"	90",속초,2019.2.18,
"	90",속초,2019.2.19,4.7
"	90",속초,2019.2.20,
"	90",속초,2019.2.21,
"	90",속초,2019.2.22,
"	90",속초,2019.2.23,
"	90",속초,2019.2.24,
"	90",속초,2019.2.25,
"	90",속초,2019.2.26,
"	90",속초,2019.2.27,
"	90",속초,2019.2.28,
"	90",속초,2019.3.1,
"	90",속초,2019.3.2,
"	90",속초,2019.3.3,
"	90",속초,2019.3.4,
"	90",속초,2019.3.5,
"	90",속초,2019.3.6,3.3
"	90",속초,2019.3.7,3.2
"	90",속초,2019.3.8,
"	90",속초,2019.3.9,
"	90",속초,2019.3.10,
"	90",속초,2019.3.11,
"	90",속초,2019.3.12,0.1
"	90",속초,2019.3.13,
"	90",속초,2019.3.14,0
"	90",속초,2019.3.15,2.6
"	90",속초,2019.3.16,
"	90",속초,2019.3.17,
"	90",속초,2019.3.18,
"	90",속초,2019.3.19,
"	90",속초,2019.3.20,12.3
"	90",속초,2019.3.21,5.9
"	90",속초,2019.3.22,
"	90",속초,2019.3.23,
"	90",속초,2019.3.24,
"	90",속초,2019.3.25,
"	90",속초,2019.3.26,
"	90",속초,2019.3.27,3.3
"	90",속초,2019.3.28,12.2
"	90",속초,2019.3.29,
"	90",속초,2019.3.30,1.5
"	90",속초,2019.3.31,
"	90",속초,2019.4.1,
"	90",속초,2019.4.2,
"	90",속초,2019.4.3,
"	90",속초,2019.4.4,
"	90",속초,2019.4.5,
"	90",속초,2019.4.6,0.9
"	90",속초,2019.4.7,
"	90",속초,2019.4.8,
"	90",속초,2019.4.9,7.2
"	90",속초,2019.4.10,31.2
"	90",속초,2019.4.11,
"	90",속초,2019.4.12,
"	90",속초,2019.4.13,
"	90",속초,2019.4.14,1
"	90",속초,2019.4.15,
"	90",속초,2019.4.16,
"	90",속초,2019.4.17,
"	90",속초,2019.4.18,
"	90",속초,2019.4.19,
"	90",속초,2019.4.20,0
"	90",속초,2019.4.21,
"	90",속초,2019.4.22,
"	90",속초,2019.4.23,
"	90",속초,2019.4.24,2.5
"	90",속초,2019.4.25,12.1
"	90",속초,2019.4.26,26
"	90",속초,2019.4.27,
"	90",속초,2019.4.28,0
"	90",속초,2019.4.29,
"	90",속초,2019.4.30,
"	90",속초,2019.5.1,
"	90",속초,2019.5.2,
"	90",속초,2019.5.3,
"	90",속초,2019.5.4,
"	90",속초,2019.5.5,
"	90",속초,2019.5.6,0.9
"	90",속초,2019.5.7,
"	90",속초,2019.5.8,
"	90",속초,2019.5.9,
"	90",속초,2019.5.10,
"	90",속초,2019.5.11,
"	90",속초,2019.5.12,
"	90",속초,2019.5.13,
"	90",속초,2019.5.14,
"	90",속초,2019.5.15,
"	90",속초,2019.5.16,
"	90",속초,2019.5.17,
"	90",속초,2019.5.18,
"	90",속초,2019.5.19,0.8
"	90",속초,2019.5.20,0
"	90",속초,2019.5.21,
"	90",속초,2019.5.22,
"	90",속초,2019.5.23,
"	90",속초,2019.5.24,
"	90",속초,2019.5.25,
"	90",속초,2019.5.26,
"	90",속초,2019.5.27,4
"	90",속초,2019.5.28,
"	90",속초,2019.5.29,
"	90",속초,2019.5.30,
"	90",속초,2019.5.31,
"	90",속초,2019.6.1,
"	90",속초,2019.6.2,
"	90",속초,2019.6.3,
"	90",속초,2019.6.4,
"	90",속초,2019.6.5,
"	90",속초,2019.6.6,8.2
"	90",속초,2019.6.7,44
"	90",속초,2019.6.8,
"	90",속초,2019.6.9,2.7
"	90",속초,2019.6.10,1.6
"	90",속초,2019.6.11,0.1
"	90",속초,2019.6.12,
"	90",속초,2019.6.13,
"	90",속초,2019.6.14,
"	90",속초,2019.6.15,21.7
"	90",속초,2019.6.16,0.6
"	90",속초,2019.6.17,
"	90",속초,2019.6.18,3.2
"	90",속초,2019.6.19,8.2
"	90",속초,2019.6.20,
"	90",속초,2019.6.21,0.3
"	90",속초,2019.6.22,
"	90",속초,2019.6.23,0.9
"	90",속초,2019.6.24,0.1
"	90",속초,2019.6.25,
"	90",속초,2019.6.26,0
"	90",속초,2019.6.27,0
"	90",속초,2019.6.28,2.3
"	90",속초,2019.6.29,3.9
"	90",속초,2019.6.30,0
"	90",속초,2019.7.1,
"	90",속초,2019.7.2,
"	90",속초,2019.7.3,
"	90",속초,2019.7.4,
"	90",속초,2019.7.5,
"	90",속초,2019.7.6,
"	90",속초,2019.7.7,0.8
"	90",속초,2019.7.8,4.4
"	90",속초,2019.7.9,0
"	90",속초,2019.7.10,26.1
"	90",속초,2019.7.11,92.5
"	90",속초,2019.7.12,
"	90",속초,2019.7.13,
"	90",속초,2019.7.14,0
"	90",속초,2019.7.15,15.5
"	90",속초,2019.7.16,4.5
"	90",속초,2019.7.17,0
"	90",속초,2019.7.18,
"	90",속초,2019.7.19,0
"	90",속초,2019.7.20,13.1
"	90",속초,2019.7.21,5
"	90",속초,2019.7.22,
"	90",속초,2019.7.23,
"	90",속초,2019.7.24,0
"	90",속초,2019.7.25,2
"	90",속초,2019.7.26,61.1
"	90",속초,2019.7.27,
"	90",속초,2019.7.28,7.8
"	90",속초,2019.7.29,
"	90",속초,2019.7.30,1.6
"	90",속초,2019.7.31,0
"	90",속초,2019.8.1,0.3
"	90",속초,2019.8.2,
"	90",속초,2019.8.3,
"	90",속초,2019.8.4,
"	90",속초,2019.8.5,
"	90",속초,2019.8.6,
"	90",속초,2019.8.7,58
"	90",속초,2019.8.8,
"	90",속초,2019.8.9,0
"	90",속초,2019.8.10,0
"	90",속초,2019.8.11,0
"	90",속초,2019.8.12,2.3
"	90",속초,2019.8.13,
"	90",속초,2019.8.14,
"	90",속초,2019.8.15,203.7
"	90",속초,2019.8.16,3.5
"	90",속초,2019.8.17,
"	90",속초,2019.8.18,
"	90",속초,2019.8.19,
"	90",속초,2019.8.20,0.8
"	90",속초,2019.8.21,0.4
"	90",속초,2019.8.22,
"	90",속초,2019.8.23,
"	90",속초,2019.8.24,
"	90",속초,2019.8.25,24.2
"	90",속초,2019.8.26,
"	90",속초,2019.8.27,0
"	90",속초,2019.8.28,
"	90",속초,2019.8.29,0.3
"	90",속초,2019.8.30,
"	90",속초,2019.8.31,
"	90",속초,2019.9.1,
"	90",속초,2019.9.2,
"	90",속초,2019.9.3,1.4
"	90",속초,2019.9.4,29.3
"	90",속초,2019.9.5,41.1
"	90",속초,2019.9.6,0.7
"	90",속초,2019.9.7,0
"	90",속초,2019.9.8,
"	90",속초,2019.9.9,0.4
"	90",속초,2019.9.10,50.4
"	90",속초,2019.9.11,27.1
"	90",속초,2019.9.12,0
"	90",속초,2019.9.13,
"	90",속초,2019.9.14,
"	90",속초,2019.9.15,0
"	90",속초,2019.9.16,
"	90",속초,2019.9.17,
"	90",속초,2019.9.18,
"	90",속초,2019.9.19,
"	90",속초,2019.9.20,
"	90",속초,2019.9.21,
"	90",속초,2019.9.22,58.8
"	90",속초,2019.9.23,0.7
"	90",속초,2019.9.24,
"	90",속초,2019.9.25,
"	90",속초,2019.9.26,
"	90",속초,2019.9.27,
"	90",속초,2019.9.28,
"	90",속초,2019.9.29,
"	90",속초,2019.9.30,
"	90",속초,2019.10.1,
"	90",속초,2019.10.2,23.1
"	90",속초,2019.10.3,78.8
"	90",속초,2019.10.4,
"	90",속초,2019.10.5,46.4
"	90",속초,2019.10.6,
"	90",속초,2019.10.7,0
"	90",속초,2019.10.8,
"	90",속초,2019.10.9,
"	90",속초,2019.10.10,
"	90",속초,2019.10.11,
"	90",속초,2019.10.12,
"	90",속초,2019.10.13,
"	90",속초,2019.10.14,23.8
"	90",속초,2019.10.15,12.7
"	90",속초,2019.10.16,
"	90",속초,2019.10.17,
"	90",속초,2019.10.18,0.6
"	90",속초,2019.10.19,0
"	90",속초,2019.10.20,
"	90",속초,2019.10.21,
"	90",속초,2019.10.22,
"	90",속초,2019.10.23,
"	90",속초,2019.10.24,0.1
"	90",속초,2019.10.25,
"	90",속초,2019.10.26,
"	90",속초,2019.10.27,
"	90",속초,2019.10.28,
"	90",속초,2019.10.29,
"	90",속초,2019.10.30,
"	90",속초,2019.10.31,
"	90",속초,2019.11.1,
"	90",속초,2019.11.2,
"	90",속초,2019.11.3,0.8
"	90",속초,2019.11.4,
"	90",속초,2019.11.5,
"	90",속초,2019.11.6,
"	90",속초,2019.11.7,0.6
"	90",속초,2019.11.8,
"	90",속초,2019.11.9,2.4
"	90",속초,2019.11.10,
"	90",속초,2019.11.11,
"	90",속초,2019.11.12,
"	90",속초,2019.11.13,0
"	90",속초,2019.11.14,
"	90",속초,2019.11.15,
"	90",속초,2019.11.16,
"	90",속초,2019.11.17,13.2
"	90",속초,2019.11.18,7.4
"	90",속초,2019.11.19,
"	90",속초,2019.11.20,
"	90",속초,2019.11.21,
"	90",속초,2019.11.22,
"	90",속초,2019.11.23,
"	90",속초,2019.11.24,8
"	90",속초,2019.11.25,71.1
"	90",속초,2019.11.26,
"	90",속초,2019.11.27,25.4
"	90",속초,2019.11.28,28.4
"	90",속초,2019.11.29,
"	90",속초,2019.11.30,
"	90",속초,2019.12.1,0
"	90",속초,2019.12.2,0
"	90",속초,2019.12.3,
"	90",속초,2019.12.4,
"	90",속초,2019.12.5,
"	90",속초,2019.12.6,
"	90",속초,2019.12.7,
"	90",속초,2019.12.8,
"	90",속초,2019.12.9,
"	90",속초,2019.12.10,0
"	90",속초,2019.12.11,0
"	90",속초,2019.12.12,
"	90",속초,2019.12.13,0
"	90",속초,2019.12.14,0
"	90",속초,2019.12.15,
"	90",속초,2019.12.16,0
"	90",속초,2019.12.17,0
"	90",속초,2019.12.18,9.8
"	90",속초,2019.12.19,
"	90",속초,2019.12.20,
"	90",속초,2019.12.21,
"	90",속초,2019.12.22,
"	90",속초,2019.12.23,0
"	90",속초,2019.12.24,
"	90",속초,2019.12.25,
"	90",속초,2019.12.26,
"	90",속초,2019.12.27,
"	90",속초,2019.12.28,
"	90",속초,2019.12.29,
"	90",속초,2019.12.30,
"	90",속초,2019.12.31,
"	90",속초,2020.1.1,
"	90",속초,2020.1.2,
"	90",속초,2020.1.3,
"	90",속초,2020.1.4,
"	90",속초,2020.1.5,
"	90",속초,2020.1.6,0
"	90",속초,2020.1.7,58.6
"	90",속초,2020.1.8,37.2
"	90",속초,2020.1.9,
"	90",속초,2020.1.10,
"	90",속초,2020.1.11,
"	90",속초,2020.1.12,
"	90",속초,2020.1.13,
"	90",속초,2020.1.14,
"	90",속초,2020.1.15,
"	90",속초,2020.1.16,
"	90",속초,2020.1.17,12
"	90",속초,2020.1.18,15.3
"	90",속초,2020.1.19,
"	90",속초,2020.1.20,
"	90",속초,2020.1.21,
"	90",속초,2020.1.22,
"	90",속초,2020.1.23,
"	90",속초,2020.1.24,7
"	90",속초,2020.1.25,
"	90",속초,2020.1.26,6.9
"	90",속초,2020.1.27,
"	90",속초,2020.1.28,
"	90",속초,2020.1.29,0.6
"	90",속초,2020.1.30,10.1
"	90",속초,2020.1.31,0.4
"	90",속초,2020.2.1,
"	90",속초,2020.2.2,
"	90",속초,2020.2.3,
"	90",속초,2020.2.4,
"	90",속초,2020.2.5,
"	90",속초,2020.2.6,
"	90",속초,2020.2.7,
"	90",속초,2020.2.8,2.6
"	90",속초,2020.2.9,
"	90",속초,2020.2.10,
"	90",속초,2020.2.11,
"	90",속초,2020.2.12,2
"	90",속초,2020.2.13,0
"	90",속초,2020.2.14,
"	90",속초,2020.2.15,1.5
"	90",속초,2020.2.16,6.1
"	90",속초,2020.2.17,
"	90",속초,2020.2.18,
"	90",속초,2020.2.19,
"	90",속초,2020.2.20,
"	90",속초,2020.2.21,0
"	90",속초,2020.2.22,0
"	90",속초,2020.2.23,
"	90",속초,2020.2.24,
"	90",속초,2020.2.25,24.1
"	90",속초,2020.2.26,17.5
"	90",속초,2020.2.27,2
"	90",속초,2020.2.28,
"	90",속초,2020.2.29,
"	90",속초,2020.3.1,1.3
"	90",속초,2020.3.2,0.6
"	90",속초,2020.3.3,0
"	90",속초,2020.3.4,
"	90",속초,2020.3.5,
"	90",속초,2020.3.6,
"	90",속초,2020.3.7,
"	90",속초,2020.3.8,
"	90",속초,2020.3.9,
"	90",속초,2020.3.10,20.7
"	90",속초,2020.3.11,
"	90",속초,2020.3.12,
"	90",속초,2020.3.13,0
"	90",속초,2020.3.14,0
"	90",속초,2020.3.15,3.4
"	90",속초,2020.3.16,1.2
"	90",속초,2020.3.17,0
"	90",속초,2020.3.18,
"	90",속초,2020.3.19,0.3
"	90",속초,2020.3.20,
"	90",속초,2020.3.21,3.8
"	90",속초,2020.3.22,
"	90",속초,2020.3.23,
"	90",속초,2020.3.24,
"	90",속초,2020.3.25,
"	90",속초,2020.3.26,
"	90",속초,2020.3.27,6.7
"	90",속초,2020.3.28,
"	90",속초,2020.3.29,0
"	90",속초,2020.3.30,
"	90",속초,2020.3.31,
"	90",속초,2020.4.1,0.8
"	90",속초,2020.4.2,
"	90",속초,2020.4.3,
"	90",속초,2020.4.4,
"	90",속초,2020.4.5,
"	90",속초,2020.4.6,
"	90",속초,2020.4.7,2.5
"	90",속초,2020.4.8,0.3
"	90",속초,2020.4.9,
"	90",속초,2020.4.10,
"	90",속초,2020.4.11,
"	90",속초,2020.4.12,0
"	90",속초,2020.4.13,0
"	90",속초,2020.4.14,
"	90",속초,2020.4.15,0
"	90",속초,2020.4.16,
"	90",속초,2020.4.17,2
"	90",속초,2020.4.18,10.6
"	90",속초,2020.4.19,18.1
"	90",속초,2020.4.20,1.9
"	90",속초,2020.4.21,
"	90",속초,2020.4.22,
"	90",속초,2020.4.23,
"	90",속초,2020.4.24,
"	90",속초,2020.4.25,0
"	90",속초,2020.4.26,0.3
"	90",속초,2020.4.27,1.9
"	90",속초,2020.4.28,
"	90",속초,2020.4.29,
"	90",속초,2020.4.30,
"	90",속초,2020.5.1,
"	90",속초,2020.5.2,
"	90",속초,2020.5.3,
"	90",속초,2020.5.4,
"	90",속초,2020.5.5,
"	90",속초,2020.5.6,
"	90",속초,2020.5.7,
"	90",속초,2020.5.8,3.2
"	90",속초,2020.5.9,42.8
"	90",속초,2020.5.10,
"	90",속초,2020.5.11,
"	90",속초,2020.5.12,0
"	90",속초,2020.5.13,
"	90",속초,2020.5.14,
"	90",속초,2020.5.15,7.3
"	90",속초,2020.5.16,0.5
"	90",속초,2020.5.17,0.4
"	90",속초,2020.5.18,30.3
"	90",속초,2020.5.19,140
"	90",속초,2020.5.20,12.4
"	90",속초,2020.5.21,
"	90",속초,2020.5.22,0.2
"	90",속초,2020.5.23,0
"	90",속초,2020.5.24,4.5
"	90",속초,2020.5.25,
"	90",속초,2020.5.26,3.5
"	90",속초,2020.5.27,
"	90",속초,2020.5.28,0
"	90",속초,2020.5.29,
"	90",속초,2020.5.30,
"	90",속초,2020.5.31,0
"	90",속초,2020.6.1,
"	90",속초,2020.6.2,0
"	90",속초,2020.6.3,
"	90",속초,2020.6.4,
"	90",속초,2020.6.5,
"	90",속초,2020.6.6,
"	90",속초,2020.6.7,
"	90",속초,2020.6.8,
"	90",속초,2020.6.9,
"	90",속초,2020.6.10,0
"	90",속초,2020.6.11,0
"	90",속초,2020.6.12,
"	90",속초,2020.6.13,
"	90",속초,2020.6.14,0.5
"	90",속초,2020.6.15,
"	90",속초,2020.6.16,
"	90",속초,2020.6.17,
"	90",속초,2020.6.18,0.8
"	90",속초,2020.6.19,3
"	90",속초,2020.6.20,
"	90",속초,2020.6.21,
"	90",속초,2020.6.22,
"	90",속초,2020.6.23,
"	90",속초,2020.6.24,51.1
"	90",속초,2020.6.25,0.3
"	90",속초,2020.6.26,
"	90",속초,2020.6.27,1
"	90",속초,2020.6.28,
"	90",속초,2020.6.29,0.6
"	90",속초,2020.6.30,214.6
"	90",속초,2020.7.1,7.7
"	90",속초,2020.7.2,
"	90",속초,2020.7.3,
"	90",속초,2020.7.4,
"	90",속초,2020.7.5,
"	90",속초,2020.7.6,
"	90",속초,2020.7.7,
"	90",속초,2020.7.8,
"	90",속초,2020.7.9,0
"	90",속초,2020.7.10,84.4
"	90",속초,2020.7.11,36.3
"	90",속초,2020.7.12,
"	90",속초,2020.7.13,29
"	90",속초,2020.7.14,24.9
"	90",속초,2020.7.15,0
"	90",속초,2020.7.16,
"	90",속초,2020.7.17,
"	90",속초,2020.7.18,
"	90",속초,2020.7.19,2.7
"	90",속초,2020.7.20,0
"	90",속초,2020.7.21,
"	90",속초,2020.7.22,
"	90",속초,2020.7.23,22.2
"	90",속초,2020.7.24,115.5
"	90",속초,2020.7.25,34
"	90",속초,2020.7.26,13.2
"	90",속초,2020.7.27,1.9
"	90",속초,2020.7.28,0
"	90",속초,2020.7.29,2.9
"	90",속초,2020.7.30,0
"	90",속초,2020.7.31,
"	90",속초,2020.8.1,4.1
"	90",속초,2020.8.2,5.2
"	90",속초,2020.8.3,9.4
"	90",속초,2020.8.4,88.3
"	90",속초,2020.8.5,127.9
"	90",속초,2020.8.6,17.1
"	90",속초,2020.8.7,0
"	90",속초,2020.8.8,7.2
"	90",속초,2020.8.9,19.4
"	90",속초,2020.8.10,6.9
"	90",속초,2020.8.11,36.5
"	90",속초,2020.8.12,
"	90",속초,2020.8.13,
"	90",속초,2020.8.14,3.9
"	90",속초,2020.8.15,0.3
"	90",속초,2020.8.16,
"	90",속초,2020.8.17,
"	90",속초,2020.8.18,
"	90",속초,2020.8.19,
"	90",속초,2020.8.20,11.9
"	90",속초,2020.8.21,26.7
"	90",속초,2020.8.22,21.2
"	90",속초,2020.8.23,0.1
"	90",속초,2020.8.24,
"	90",속초,2020.8.25,
"	90",속초,2020.8.26,2.4
"	90",속초,2020.8.27,2
"	90",속초,2020.8.28,0
"	90",속초,2020.8.29,6.5
"	90",속초,2020.8.30,13.3
"	90",속초,2020.8.31,1
"	90",속초,2020.9.1,0.7
"	90",속초,2020.9.2,147.1
"	90",속초,2020.9.3,64.4
"	90",속초,2020.9.4,
"	90",속초,2020.9.5,
"	90",속초,2020.9.6,31.1
"	90",속초,2020.9.7,192.5
"	90",속초,2020.9.8,0
"	90",속초,2020.9.9,0.1
"	90",속초,2020.9.10,
"	90",속초,2020.9.11,3
"	90",속초,2020.9.12,13.3
"	90",속초,2020.9.13,9.8
"	90",속초,2020.9.14,
"	90",속초,2020.9.15,
"	90",속초,2020.9.16,0.5
"	90",속초,2020.9.17,
"	90",속초,2020.9.18,
"	90",속초,2020.9.19,
"	90",속초,2020.9.20,
"	90",속초,2020.9.21,
"	90",속초,2020.9.22,0
"	90",속초,2020.9.23,0.7
"	90",속초,2020.9.24,5.6
"	90",속초,2020.9.25,3.1
"	90",속초,2020.9.26,6.4
"	90",속초,2020.9.27,1.8
"	90",속초,2020.9.28,
"	90",속초,2020.9.29,
"	90",속초,2020.9.30,2.7
"	90",속초,2020.10.1,
"	90",속초,2020.10.2,0
"	90",속초,2020.10.3,
"	90",속초,2020.10.4,0
"	90",속초,2020.10.5,
"	90",속초,2020.10.6,
"	90",속초,2020.10.7,
"	90",속초,2020.10.8,
"	90",속초,2020.10.9,
"	90",속초,2020.10.10,
"	90",속초,2020.10.11,
"	90",속초,2020.10.12,
"	90",속초,2020.10.13,0
"	90",속초,2020.10.14,
"	90",속초,2020.10.15,
"	90",속초,2020.10.16,
"	90",속초,2020.10.17,
"	90",속초,2020.10.18,
"	90",속초,2020.10.19,
"	90",속초,2020.10.20,
"	90",속초,2020.10.21,
"	90",속초,2020.10.22,
"	90",속초,2020.10.23,
"	90",속초,2020.10.24,
"	90",속초,2020.10.25,
"	90",속초,2020.10.26,
"	90",속초,2020.10.27,
"	90",속초,2020.10.28,
"	90",속초,2020.10.29,
"	90",속초,2020.10.30,
"	90",속초,2020.10.31,
"	90",속초,2020.11.1,0.1
"	90",속초,2020.11.2,0
"	90",속초,2020.11.3,0
"	90",속초,2020.11.4,
"	90",속초,2020.11.5,
"	90",속초,2020.11.6,
"	90",속초,2020.11.7,
"	90",속초,2020.11.8,
"	90",속초,2020.11.9,
"	90",속초,2020.11.10,
"	90",속초,2020.11.11,
"	90",속초,2020.11.12,
"	90",속초,2020.11.13,
"	90",속초,2020.11.14,
"	90",속초,2020.11.15,
"	90",속초,2020.11.16,0
"	90",속초,2020.11.17,
"	90",속초,2020.11.18,0.2
"	90",속초,2020.11.19,15.3
"	90",속초,2020.11.20,
"	90",속초,2020.11.21,
"	90",속초,2020.11.22,0.6
"	90",속초,2020.11.23,
"	90",속초,2020.11.24,
"	90",속초,2020.11.25,
"	90",속초,2020.11.26,2.8
"	90",속초,2020.11.27,0.2
"	90",속초,2020.11.28,
"	90",속초,2020.11.29,
"	90",속초,2020.11.30,
"	90",속초,2020.12.1,
"	90",속초,2020.12.2,
"	90",속초,2020.12.3,
"	90",속초,2020.12.4,
"	90",속초,2020.12.5,
"	90",속초,2020.12.6,
"	90",속초,2020.12.7,
"	90",속초,2020.12.8,
"	90",속초,2020.12.9,
"	90",속초,2020.12.10,
"	90",속초,2020.12.11,
"	90",속초,2020.12.12,
"	90",속초,2020.12.13,0.5
"	90",속초,2020.12.14,
"	90",속초,2020.12.15,
"	90",속초,2020.12.16,
"	90",속초,2020.12.17,
"	90",속초,2020.12.18,
"	90",속초,2020.12.19,
"	90",속초,2020.12.20,
"	90",속초,2020.12.21,
"	90",속초,2020.12.22,
"	90",속초,2020.12.23,
"	90",속초,2020.12.24,
"	90",속초,2020.12.25,
"	90",속초,2020.12.26,
"	90",속초,2020.12.27,
"	90",속초,2020.12.28,
"	90",속초,2020.12.29,0
"	90",속초,2020.12.30,0
"	90",속초,2020.12.31,
"	90",속초,2021.1.1,
"	90",속초,2021.1.2,
"	90",속초,2021.1.3,
"	90",속초,2021.1.4,
"	90",속초,2021.1.5,
"	90",속초,2021.1.6,
"	90",속초,2021.1.7,0
"	90",속초,2021.1.8,
"	90",속초,2021.1.9,
"	90",속초,2021.1.10,
"	90",속초,2021.1.11,
"	90",속초,2021.1.12,
"	90",속초,2021.1.13,
"	90",속초,2021.1.14,
"	90",속초,2021.1.15,0
"	90",속초,2021.1.16,
"	90",속초,2021.1.17,
"	90",속초,2021.1.18,0
"	90",속초,2021.1.19,
"	90",속초,2021.1.20,
"	90",속초,2021.1.21,0
"	90",속초,2021.1.22,
"	90",속초,2021.1.23,
"	90",속초,2021.1.24,
"	90",속초,2021.1.25,
"	90",속초,2021.1.26,0
"	90",속초,2021.1.27,
"	90",속초,2021.1.28,0
"	90",속초,2021.1.29,
"	90",속초,2021.1.30,
"	90",속초,2021.1.31,0
"	90",속초,2021.2.1,0
"	90",속초,2021.2.2,
"	90",속초,2021.2.3,0
"	90",속초,2021.2.4,0
"	90",속초,2021.2.5,
"	90",속초,2021.2.6,
"	90",속초,2021.2.7,0
"	90",속초,2021.2.8,
"	90",속초,2021.2.9,
"	90",속초,2021.2.10,
"	90",속초,2021.2.11,
"	90",속초,2021.2.12,
"	90",속초,2021.2.13,
"	90",속초,2021.2.14,0.1
"	90",속초,2021.2.15,0.1
"	90",속초,2021.2.16,
"	90",속초,2021.2.17,
"	90",속초,2021.2.18,
"	90",속초,2021.2.19,
"	90",속초,2021.2.20,
"	90",속초,2021.2.21,
"	90",속초,2021.2.22,
"	90",속초,2021.2.23,
"	90",속초,2021.2.24,
"	90",속초,2021.2.25,
"	90",속초,2021.2.26,0
"	90",속초,2021.2.27,4.8
"	90",속초,2021.2.28,
"	90",속초,2021.3.1,73.4
"	90",속초,2021.3.2,7.6
"	90",속초,2021.3.3,
"	90",속초,2021.3.4,
"	90",속초,2021.3.5,
"	90",속초,2021.3.6,5.4
"	90",속초,2021.3.7,0.5
"	90",속초,2021.3.8,
"	90",속초,2021.3.9,
"	90",속초,2021.3.10,
"	90",속초,2021.3.11,
"	90",속초,2021.3.12,3.9
"	90",속초,2021.3.13,
"	90",속초,2021.3.14,
"	90",속초,2021.3.15,
"	90",속초,2021.3.16,0
"	90",속초,2021.3.17,
"	90",속초,2021.3.18,
"	90",속초,2021.3.19,
"	90",속초,2021.3.20,0.9
"	90",속초,2021.3.21,
"	90",속초,2021.3.22,
"	90",속초,2021.3.23,
"	90",속초,2021.3.24,
"	90",속초,2021.3.25,
"	90",속초,2021.3.26,
"	90",속초,2021.3.27,9.2
"	90",속초,2021.3.28,3.3
"	90",속초,2021.3.29,0
"	90",속초,2021.3.30,
"	90",속초,2021.3.31,
"	90",속초,2021.4.1,
"	90",속초,2021.4.2,
"	90",속초,2021.4.3,40.5
"	90",속초,2021.4.4,12.1
"	90",속초,2021.4.5,
"	90",속초,2021.4.6,
"	90",속초,2021.4.7,
"	90",속초,2021.4.8,1.8
"	90",속초,2021.4.9,
"	90",속초,2021.4.10,
"	90",속초,2021.4.11,
"	90",속초,2021.4.12,12
"	90",속초,2021.4.13,4.5
"	90",속초,2021.4.14,
"	90",속초,2021.4.15,
"	90",속초,2021.4.16,
"	90",속초,2021.4.17,0
"	90",속초,2021.4.18,
"	90",속초,2021.4.19,
"	90",속초,2021.4.20,
"	90",속초,2021.4.21,
"	90",속초,2021.4.22,
"	90",속초,2021.4.23,
"	90",속초,2021.4.24,
"	90",속초,2021.4.25,0
"	90",속초,2021.4.26,
"	90",속초,2021.4.27,0
"	90",속초,2021.4.28,
"	90",속초,2021.4.29,3.8
"	90",속초,2021.4.30,22.5
"	90",속초,2021.5.1,32
"	90",속초,2021.5.2,4.2
"	90",속초,2021.5.3,
"	90",속초,2021.5.4,1.2
"	90",속초,2021.5.5,3.2
"	90",속초,2021.5.6,
"	90",속초,2021.5.7,1.9
"	90",속초,2021.5.8,0
"	90",속초,2021.5.9,
"	90",속초,2021.5.10,
"	90",속초,2021.5.11,
"	90",속초,2021.5.12,
"	90",속초,2021.5.13,
"	90",속초,2021.5.14,
"	90",속초,2021.5.15,2.9
"	90",속초,2021.5.16,67
"	90",속초,2021.5.17,2.1
"	90",속초,2021.5.18,
"	90",속초,2021.5.19,
"	90",속초,2021.5.20,5
"	90",속초,2021.5.21,13.8
"	90",속초,2021.5.22,
"	90",속초,2021.5.23,
"	90",속초,2021.5.24,
"	90",속초,2021.5.25,0.4
"	90",속초,2021.5.26,
"	90",속초,2021.5.27,5.2
"	90",속초,2021.5.28,4.1
"	90",속초,2021.5.29,4.3
"	90",속초,2021.5.30,
"	90",속초,2021.5.31,7.6
"	90",속초,2021.6.1,0.3
"	90",속초,2021.6.2,
"	90",속초,2021.6.3,10.2
"	90",속초,2021.6.4,1.3
"	90",속초,2021.6.5,
"	90",속초,2021.6.6,
"	90",속초,2021.6.7,0
"	90",속초,2021.6.8,0.5
"	90",속초,2021.6.9,
"	90",속초,2021.6.10,0.8
"	90",속초,2021.6.11,5
"	90",속초,2021.6.12,
"	90",속초,2021.6.13,
"	90",속초,2021.6.14,
"	90",속초,2021.6.15,0.1
"	90",속초,2021.6.16,3.4
"	90",속초,2021.6.17,0
"	90",속초,2021.6.18,
"	90",속초,2021.6.19,
"	90",속초,2021.6.20,0
"	90",속초,2021.6.21,6.6
"	90",속초,2021.6.22,7.7
"	90",속초,2021.6.23,
"	90",속초,2021.6.24,
"	90",속초,2021.6.25,
"	90",속초,2021.6.26,7.8
"	90",속초,2021.6.27,
"	90",속초,2021.6.28,0
"	90",속초,2021.6.29,0
"	90",속초,2021.6.30,0.1
"	90",속초,2021.7.1,
"	90",속초,2021.7.2,
"	90",속초,2021.7.3,37
"	90",속초,2021.7.4,50.3
"	90",속초,2021.7.5,
"	90",속초,2021.7.6,
"	90",속초,2021.7.7,
"	90",속초,2021.7.8,6.2
"	90",속초,2021.7.9,2.2
"	90",속초,2021.7.10,1.9
"	90",속초,2021.7.11,
"	90",속초,2021.7.12,
"	90",속초,2021.7.13,
"	90",속초,2021.7.14,
"	90",속초,2021.7.15,0
"	90",속초,2021.7.16,
"	90",속초,2021.7.17,5.1
"	90",속초,2021.7.18,
"	90",속초,2021.7.19,
"	90",속초,2021.7.20,
"	90",속초,2021.7.21,
"	90",속초,2021.7.22,
"	90",속초,2021.7.23,
"	90",속초,2021.7.24,
"	90",속초,2021.7.25,
"	90",속초,2021.7.26,0
"	90",속초,2021.7.27,
"	90",속초,2021.7.28,
"	90",속초,2021.7.29,
"	90",속초,2021.7.30,
"	90",속초,2021.7.31,1.4
"	90",속초,2021.8.1,0.6
"	90",속초,2021.8.2,8.5
"	90",속초,2021.8.3,0
"	90",속초,2021.8.4,0
"	90",속초,2021.8.5,
"	90",속초,2021.8.6,16.2
"	90",속초,2021.8.7,
"	90",속초,2021.8.8,83.5
"	90",속초,2021.8.9,24.3
"	90",속초,2021.8.10,5.9
"	90",속초,2021.8.11,
"	90",속초,2021.8.12,
"	90",속초,2021.8.13,0
"	90",속초,2021.8.14,13
"	90",속초,2021.8.15,1.9
"	90",속초,2021.8.16,
"	90",속초,2021.8.17,17.5
"	90",속초,2021.8.18,25.3
"	90",속초,2021.8.19,0
"	90",속초,2021.8.20,0
"	90",속초,2021.8.21,7.7
"	90",속초,2021.8.22,
"	90",속초,2021.8.23,0.1
"	90",속초,2021.8.24,21
"	90",속초,2021.8.25,0.9
"	90",속초,2021.8.26,
"	90",속초,2021.8.27,0.1
"	90",속초,2021.8.28,
"	90",속초,2021.8.29,0.4
"	90",속초,2021.8.30,0
"	90",속초,2021.8.31,20.2
"	90",속초,2021.9.1,30.6
"	90",속초,2021.9.2,
"	90",속초,2021.9.3,
"	90",속초,2021.9.4,1.5
"	90",속초,2021.9.5,15.8
"	90",속초,2021.9.6,2.6
"	90",속초,2021.9.7,43.1
"	90",속초,2021.9.8,5.6
"	90",속초,2021.9.9,
"	90",속초,2021.9.10,
"	90",속초,2021.9.11,
"	90",속초,2021.9.12,0
"	90",속초,2021.9.13,0.7
"	90",속초,2021.9.14,
"	90",속초,2021.9.15,1.1
"	90",속초,2021.9.16,0
"	90",속초,2021.9.17,2.9
"	90",속초,2021.9.18,7.8
"	90",속초,2021.9.19,
"	90",속초,2021.9.20,0
"	90",속초,2021.9.21,3.9
"	90",속초,2021.9.22,
"	90",속초,2021.9.23,
"	90",속초,2021.9.24,11.4
"	90",속초,2021.9.25,9.4
"	90",속초,2021.9.26,
"	90",속초,2021.9.27,0
"	90",속초,2021.9.28,0.6
"	90",속초,2021.9.29,4.6
"	90",속초,2021.9.30,
"	90",속초,2021.10.1,
"	90",속초,2021.10.2,
"	90",속초,2021.10.3,
"	90",속초,2021.10.4,4.9
"	90",속초,2021.10.5,56.9
"	90",속초,2021.10.6,34.4
"	90",속초,2021.10.7,2.8
"	90",속초,2021.10.8,23.4
"	90",속초,2021.10.9,42.9
"	90",속초,2021.10.10,0
"	90",속초,2021.10.11,0
"	90",속초,2021.10.12,0
"	90",속초,2021.10.13,0
"	90",속초,2021.10.14,0
"	90",속초,2021.10.15,37.7
"	90",속초,2021.10.16,2.1
"	90",속초,2021.10.17,
"	90",속초,2021.10.18,
"	90",속초,2021.10.19,10.5
"	90",속초,2021.10.20,0.8
"	90",속초,2021.10.21,0
"	90",속초,2021.10.22,0.5
"	90",속초,2021.10.23,
"	90",속초,2021.10.24,
"	90",속초,2021.10.25,
"	90",속초,2021.10.26,
"	90",속초,2021.10.27,0
"	90",속초,2021.10.28,
"	90",속초,2021.10.29,
"	90",속초,2021.10.30,
"	90",속초,2021.10.31,
"	90",속초,2021.11.1,0
"	90",속초,2021.11.2,10.9
"	90",속초,2021.11.3,0.1
"	90",속초,2021.11.4,
"	90",속초,2021.11.5,
"	90",속초,2021.11.6,
"	90",속초,2021.11.7,0.3
"	90",속초,2021.11.8,0.6
"	90",속초,2021.11.9,0
"	90",속초,2021.11.10,
"	90",속초,2021.11.11,
"	90",속초,2021.11.12,
"	90",속초,2021.11.13,
"	90",속초,2021.11.14,
"	90",속초,2021.11.15,
"	90",속초,2021.11.16,
"	90",속초,2021.11.17,
"	90",속초,2021.11.18,
"	90",속초,2021.11.19,
"	90",속초,2021.11.20,0.2
"	90",속초,2021.11.21,
"	90",속초,2021.11.22,0
"	90",속초,2021.11.23,
"	90",속초,2021.11.24,0
"	90",속초,2021.11.25,
"	90",속초,2021.11.26,
"	90",속초,2021.11.27,
"	90",속초,2021.11.28,
"	90",속초,2021.11.29,
"	90",속초,2021.11.30,4.1
"	90",속초,2021.12.1,
"	90",속초,2021.12.2,0
"	90",속초,2021.12.3,0
"	90",속초,2021.12.4,
"	90",속초,2021.12.5,
"	90",속초,2021.12.6,
"	90",속초,2021.12.7,10.4
"	90",속초,2021.12.8,
"	90",속초,2021.12.9,
"	90",속초,2021.12.10,0
"	90",속초,2021.12.11,
"	90",속초,2021.12.12,
"	90",속초,2021.12.13,
"	90",속초,2021.12.14,
"	90",속초,2021.12.15,0
"	90",속초,2021.12.16,
"	90",속초,2021.12.17,
"	90",속초,2021.12.18,
"	90",속초,2021.12.19,
"	90",속초,2021.12.20,
"	90",속초,2021.12.21,
"	90",속초,2021.12.22,0
"	90",속초,2021.12.23,
"	90",속초,2021.12.24,42.1
"	90",속초,2021.12.25,16.2
"	90",속초,2021.12.26,
"	90",속초,2021.12.27,
"	90",속초,2021.12.28,
"	90",속초,2021.12.29,0
"	90",속초,2021.12.30,
"	90",속초,2021.12.31,
"	90",속초,2022.1.1,
"	90",속초,2022.1.2,
"	90",속초,2022.1.3,
"	90",속초,2022.1.4,
"	90",속초,2022.1.5,
"	90",속초,2022.1.6,
"	90",속초,2022.1.7,
"	90",속초,2022.1.8,
"	90",속초,2022.1.9,
"	90",속초,2022.1.10,
"	90",속초,2022.1.11,
"	90",속초,2022.1.12,
"	90",속초,2022.1.13,
"	90",속초,2022.1.14,
"	90",속초,2022.1.15,
"	90",속초,2022.1.16,0
"	90",속초,2022.1.17,
"	90",속초,2022.1.18,
"	90",속초,2022.1.19,3.1
"	90",속초,2022.1.20,0.1
"	90",속초,2022.1.21,
"	90",속초,2022.1.22,
"	90",속초,2022.1.23,0.2
"	90",속초,2022.1.24,0.2
"	90",속초,2022.1.25,
"	90",속초,2022.1.26,
"	90",속초,2022.1.27,
"	90",속초,2022.1.28,
"	90",속초,2022.1.29,
"	90",속초,2022.1.30,
"	90",속초,2022.1.31,
"	90",속초,2022.2.1,
"	90",속초,2022.2.2,
"	90",속초,2022.2.3,
"	90",속초,2022.2.4,
"	90",속초,2022.2.5,
"	90",속초,2022.2.6,
"	90",속초,2022.2.7,
"	90",속초,2022.2.8,
"	90",속초,2022.2.9,
"	90",속초,2022.2.10,
"	90",속초,2022.2.11,
"	90",속초,2022.2.12,
"	90",속초,2022.2.13,8.1
"	90",속초,2022.2.14,1.4
"	90",속초,2022.2.15,
"	90",속초,2022.2.16,
"	90",속초,2022.2.17,
"	90",속초,2022.2.18,
"	90",속초,2022.2.19,
"	90",속초,2022.2.20,
"	90",속초,2022.2.21,0
"	90",속초,2022.2.22,
"	90",속초,2022.2.23,
"	90",속초,2022.2.24,
"	90",속초,2022.2.25,
"	90",속초,2022.2.26,1.6
"	90",속초,2022.2.27,
"	90",속초,2022.2.28,
"	90",속초,2022.3.1,
"	90",속초,2022.3.2,
"	90",속초,2022.3.3,
"	90",속초,2022.3.4,0.6
"	90",속초,2022.3.5,0
"	90",속초,2022.3.6,
"	90",속초,2022.3.7,
"	90",속초,2022.3.8,
"	90",속초,2022.3.9,
"	90",속초,2022.3.10,
"	90",속초,2022.3.11,
"	90",속초,2022.3.12,0.5
"	90",속초,2022.3.13,18.3
"	90",속초,2022.3.14,9.3
"	90",속초,2022.3.15,
"	90",속초,2022.3.16,
"	90",속초,2022.3.17,18.5
"	90",속초,2022.3.18,2.7
"	90",속초,2022.3.19,29.2
"	90",속초,2022.3.20,0
"	90",속초,2022.3.21,
"	90",속초,2022.3.22,
"	90",속초,2022.3.23,
"	90",속초,2022.3.24,
"	90",속초,2022.3.25,6.2
"	90",속초,2022.3.26,22.2
"	90",속초,2022.3.27,0
"	90",속초,2022.3.28,
"	90",속초,2022.3.29,
"	90",속초,2022.3.30,1.3
"	90",속초,2022.3.31,5.7
"	90",속초,2022.4.1,
"	90",속초,2022.4.2,
"	90",속초,2022.4.3,
"	90",속초,2022.4.4,
"	90",속초,2022.4.5,
"	90",속초,2022.4.6,
"	90",속초,2022.4.7,
"	90",속초,2022.4.8,
"	90",속초,2022.4.9,
"	90",속초,2022.4.10,
"	90",속초,2022.4.11,
"	90",속초,2022.4.12,2.2
"	90",속초,2022.4.13,13.8
"	90",속초,2022.4.14,0.5
"	90",속초,2022.4.15,
"	90",속초,2022.4.16,
"	90",속초,2022.4.17,
"	90",속초,2022.4.18,
"	90",속초,2022.4.19,
"	90",속초,2022.4.20,
"	90",속초,2022.4.21,
"	90",속초,2022.4.22,
"	90",속초,2022.4.23,
"	90",속초,2022.4.24,
"	90",속초,2022.4.25,
"	90",속초,2022.4.26,0.2
"	90",속초,2022.4.27,
"	90",속초,2022.4.28,1.2
"	90",속초,2022.4.29,15.6
"	90",속초,2022.4.30,0
"	90",속초,2022.5.1,0
"	90",속초,2022.5.2,0
"	90",속초,2022.5.3,
"	90",속초,2022.5.4,
"	90",속초,2022.5.5,
"	90",속초,2022.5.6,
"	90",속초,2022.5.7,7.7
"	90",속초,2022.5.8,0
"	90",속초,2022.5.9,
"	90",속초,2022.5.10,
"	90",속초,2022.5.11,0
"	90",속초,2022.5.12,
"	90",속초,2022.5.13,0
"	90",속초,2022.5.14,
"	90",속초,2022.5.15,
"	90",속초,2022.5.16,
"	90",속초,2022.5.17,0
"	90",속초,2022.5.18,0
"	90",속초,2022.5.19,
"	90",속초,2022.5.20,
"	90",속초,2022.5.21,
"	90",속초,2022.5.22,0
"	90",속초,2022.5.23,
"	90",속초,2022.5.24,
"	90",속초,2022.5.25,0
"	90",속초,2022.5.26,1.4
"	90",속초,2022.5.27,0
"	90",속초,2022.5.28,
"	90",속초,2022.5.29,
"	90",속초,2022.5.30,0
"	90",속초,2022.5.31,
"	90",속초,2022.6.1,
"	90",속초,2022.6.2,
"	90",속초,2022.6.3,0
"	90",속초,2022.6.4,0
"	90",속초,2022.6.5,14.1
"	90",속초,2022.6.6,75.4
"	90",속초,2022.6.7,2.8
"	90",속초,2022.6.8,
"	90",속초,2022.6.9,0.1
"	90",속초,2022.6.10,
"	90",속초,2022.6.11,
"	90",속초,2022.6.12,0
"	90",속초,2022.6.13,0
"	90",속초,2022.6.14,0
"	90",속초,2022.6.15,9.2
"	90",속초,2022.6.16,5.4
"	90",속초,2022.6.17,
"	90",속초,2022.6.18,0.1
"	90",속초,2022.6.19,
"	90",속초,2022.6.20,
"	90",속초,2022.6.21,
"	90",속초,2022.6.22,
"	90",속초,2022.6.23,54.8
"	90",속초,2022.6.24,11.7
"	90",속초,2022.6.25,
"	90",속초,2022.6.26,19.9
"	90",속초,2022.6.27,19.9
"	90",속초,2022.6.28,0.4
"	90",속초,2022.6.29,0.6
"	90",속초,2022.6.30,34.3
"	90",속초,2022.7.1,
"	90",속초,2022.7.2,
"	90",속초,2022.7.3,
"	90",속초,2022.7.4,
"	90",속초,2022.7.5,0
"	90",속초,2022.7.6,0
"	90",속초,2022.7.7,1.4
"	90",속초,2022.7.8,0
"	90",속초,2022.7.9,0
"	90",속초,2022.7.10,1.3
"	90",속초,2022.7.11,28.8
"	90",속초,2022.7.12,3
"	90",속초,2022.7.13,26.9
"	90",속초,2022.7.14,0
"	90",속초,2022.7.15,21.1
"	90",속초,2022.7.16,0.3
"	90",속초,2022.7.17,
"	90",속초,2022.7.18,
"	90",속초,2022.7.19,0.4
"	90",속초,2022.7.20,0.7
"	90",속초,2022.7.21,87.2
"	90",속초,2022.7.22,9.4
"	90",속초,2022.7.23,12.1
"	90",속초,2022.7.24,3.3
"	90",속초,2022.7.25,
"	90",속초,2022.7.26,0
"	90",속초,2022.7.27,
"	90",속초,2022.7.28,0
"	90",속초,2022.7.29,
"	90",속초,2022.7.30,0
"	90",속초,2022.7.31,17.2
"	90",속초,2022.8.1,6.1
"	90",속초,2022.8.2,14.8
"	90",속초,2022.8.3,0.3
"	90",속초,2022.8.4,11.3
"	90",속초,2022.8.5,0
"	90",속초,2022.8.6,
"	90",속초,2022.8.7,0.5
"	90",속초,2022.8.8,21.4
"	90",속초,2022.8.9,110.9
"	90",속초,2022.8.10,24.9
"	90",속초,2022.8.11,1.6
"	90",속초,2022.8.12,
"	90",속초,2022.8.13,0.3
"	90",속초,2022.8.14,20.5
"	90",속초,2022.8.15,1.8
"	90",속초,2022.8.16,25.3
"	90",속초,2022.8.17,28.5
"	90",속초,2022.8.18,
"	90",속초,2022.8.19,0
"	90",속초,2022.8.20,0
"	90",속초,2022.8.21,
"	90",속초,2022.8.22,0.1
"	90",속초,2022.8.23,0
"	90",속초,2022.8.24,0
"	90",속초,2022.8.25,0.6
"	90",속초,2022.8.26,
"	90",속초,2022.8.27,0
"	90",속초,2022.8.28,
"	90",속초,2022.8.29,0.1
"	90",속초,2022.8.30,34.7
"	90",속초,2022.8.31,20
"	90",속초,2022.9.1,
"	90",속초,2022.9.2,0.9
"	90",속초,2022.9.3,
"	90",속초,2022.9.4,10.8
"	90",속초,2022.9.5,119.4
"	90",속초,2022.9.6,87.6
"	90",속초,2022.9.7,
"	90",속초,2022.9.8,
"	90",속초,2022.9.9,
"	90",속초,2022.9.10,
"	90",속초,2022.9.11,0.2
"	90",속초,2022.9.12,
"	90",속초,2022.9.13,
"	90",속초,2022.9.14,3.5
"	90",속초,2022.9.15,
"	90",속초,2022.9.16,0
"	90",속초,2022.9.17,0
"	90",속초,2022.9.18,0.6
"	90",속초,2022.9.19,40.4
"	90",속초,2022.9.20,0.4
"	90",속초,2022.9.21,
"	90",속초,2022.9.22,
"	90",속초,2022.9.23,0
"	90",속초,2022.9.24,
"	90",속초,2022.9.25,
"	90",속초,2022.9.26,
"	90",속초,2022.9.27,
"	90",속초,2022.9.28,
"	90",속초,2022.9.29,
"	90",속초,2022.9.30,
"	90",속초,2022.10.1,
"	90",속초,2022.10.2,5
"	90",속초,2022.10.3,16.7
"	90",속초,2022.10.4,76.8
"	90",속초,2022.10.5,68.2
"	90",속초,2022.10.6,65
"	90",속초,2022.10.7,38.2
"	90",속초,2022.10.8,
"	90",속초,2022.10.9,0.5
"	90",속초,2022.10.10,0
"	90",속초,2022.10.11,
"	90",속초,2022.10.12,
"	90",속초,2022.10.13,
"	90",속초,2022.10.14,
"	90",속초,2022.10.15,
"	90",속초,2022.10.16,0
"	90",속초,2022.10.17,
"	90",속초,2022.10.18,
"	90",속초,2022.10.19,
"	90",속초,2022.10.20,
"	90",속초,2022.10.21,
"	90",속초,2022.10.22,
"	90",속초,2022.10.23,28.2
"	90",속초,2022.10.24,37.5
"	90",속초,2022.10.25,0
"	90",속초,2022.10.26,
"	90",속초,2022.10.27,34.3
"	90",속초,2022.10.28,6.5
"	90",속초,2022.10.29,0.2
"	90",속초,2022.10.30,0
"	90",속초,2022.10.31,
"	90",속초,2022.11.1,
"	90",속초,2022.11.2,
"	90",속초,2022.11.3,
"	90",속초,2022.11.4,
"	90",속초,2022.11.5,
"	90",속초,2022.11.6,
"	90",속초,2022.11.7,
"	90",속초,2022.11.8,
"	90",속초,2022.11.9,
"	90",속초,2022.11.10,0
"	90",속초,2022.11.11,0
"	90",속초,2022.11.12,5.7
"	90",속초,2022.11.13,9.6
"	90",속초,2022.11.14,
"	90",속초,2022.11.15,
"	90",속초,2022.11.16,
"	90",속초,2022.11.17,
"	90",속초,2022.11.18,
"	90",속초,2022.11.19,0
"	90",속초,2022.11.20,
"	90",속초,2022.11.21,
"	90",속초,2022.11.22,4.2
"	90",속초,2022.11.23,7.1
"	90",속초,2022.11.24,
"	90",속초,2022.11.25,0
"	90",속초,2022.11.26,0.3
"	90",속초,2022.11.27,
"	90",속초,2022.11.28,9.8
"	90",속초,2022.11.29,1.7
"	90",속초,2022.11.30,
"	90",속초,2022.12.1,
"	90",속초,2022.12.2,
"	90",속초,2022.12.3,0
"	90",속초,2022.12.4,
"	90",속초,2022.12.5,
"	90",속초,2022.12.6,
"	90",속초,2022.12.7,
"	90",속초,2022.12.8,
"	90",속초,2022.12.9,
"	90",속초,2022.12.10,
"	90",속초,2022.12.11,
"	90",속초,2022.12.12,0
"	90",속초,2022.12.13,0.7
"	90",속초,2022.12.14,
"	90",속초,2022.12.15,0
"	90",속초,2022.12.16,
"	90",속초,2022.12.17,
"	90",속초,2022.12.18,
"	90",속초,2022.12.19,
"	90",속초,2022.12.20,
"	90",속초,2022.12.21,0
"	90",속초,2022.12.22,
"	90",속초,2022.12.23,
"	90",속초,2022.12.24,
"	90",속초,2022.12.25,
"	90",속초,2022.12.26,
"	90",속초,2022.12.27,
"	90",속초,2022.12.28,0
"	90",속초,2022.12.29,
"	90",속초,2022.12.30,
"	90",속초,2022.12.31,
"	90",속초,2023.1.1,
"	90",속초,2023.1.2,
"	90",속초,2023.1.3,
"	90",속초,2023.1.4,
"	90",속초,2023.1.5,
"	90",속초,2023.1.6,
"	90",속초,2023.1.7,3
"	90",속초,2023.1.8,
"	90",속초,2023.1.9,
"	90",속초,2023.1.10,
"	90",속초,2023.1.11,
"	90",속초,2023.1.12,
"	90",속초,2023.1.13,14.5
"	90",속초,2023.1.14,29.5
"	90",속초,2023.1.15,47.7
"	90",속초,2023.1.16,0
"	90",속초,2023.1.17,
"	90",속초,2023.1.18,
"	90",속초,2023.1.19,
"	90",속초,2023.1.20,0
"	90",속초,2023.1.21,
"	90",속초,2023.1.22,
"	90",속초,2023.1.23,
"	90",속초,2023.1.24,
"	90",속초,2023.1.25,
"	90",속초,2023.1.26,
"	90",속초,2023.1.27,
"	90",속초,2023.1.28,
"	90",속초,2023.1.29,0
"	90",속초,2023.1.30,
"	90",속초,2023.1.31,
"	90",속초,2023.2.1,
"	90",속초,2023.2.2,
"	90",속초,2023.2.3,
"	90",속초,2023.2.4,
"	90",속초,2023.2.5,
"	90",속초,2023.2.6,
"	90",속초,2023.2.7,
"	90",속초,2023.2.8,
"	90",속초,2023.2.9,
"	90",속초,2023.2.10,2.7
"	90",속초,2023.2.11,
"	90",속초,2023.2.12,1.4
"	90",속초,2023.2.13,26
"	90",속초,2023.2.14,0.9
"	90",속초,2023.2.15,4.1
"	90",속초,2023.2.16,
"	90",속초,2023.2.17,
"	90",속초,2023.2.18,
"	90",속초,2023.2.19,
"	90",속초,2023.2.20,
"	90",속초,2023.2.21,
"	90",속초,2023.2.22,
"	90",속초,2023.2.23,
"	90",속초,2023.2.24,
"	90",속초,2023.2.25,8.3
"	90",속초,2023.2.26,
"	90",속초,2023.2.27,
"	90",속초,2023.2.28,
"	90",속초,2023.3.1,
"	90",속초,2023.3.2,0
"	90",속초,2023.3.3,
"	90",속초,2023.3.4,
"	90",속초,2023.3.5,
"	90",속초,2023.3.6,
"	90",속초,2023.3.7,
"	90",속초,2023.3.8,0
"	90",속초,2023.3.9,2.6
"	90",속초,2023.3.10,
"	90",속초,2023.3.11,
"	90",속초,2023.3.12,6.3
"	90",속초,2023.3.13,
"	90",속초,2023.3.14,
"	90",속초,2023.3.15,
"	90",속초,2023.3.16,
"	90",속초,2023.3.17,
"	90",속초,2023.3.18,
"	90",속초,2023.3.19,
"	90",속초,2023.3.20,
"	90",속초,2023.3.21,
"	90",속초,2023.3.22,0
"	90",속초,2023.3.23,0
"	90",속초,2023.3.24,0
"	90",속초,2023.3.25,1.2
"	90",속초,2023.3.26,0
"	90",속초,2023.3.27,
"	90",속초,2023.3.28,
"	90",속초,2023.3.29,
"	90",속초,2023.3.30,
"	90",속초,2023.3.31,
"	90",속초,2023.4.1,
"	90",속초,2023.4.2,
"	90",속초,2023.4.3,
"	90",속초,2023.4.4,0
"	90",속초,2023.4.5,28
"	90",속초,2023.4.6,0
"	90",속초,2023.4.7,0
"	90",속초,2023.4.8,
"	90",속초,2023.4.9,
"	90",속초,2023.4.10,
"	90",속초,2023.4.11,4.5
"	90",속초,2023.4.12,
"	90",속초,2023.4.13,
"	90",속초,2023.4.14,0
"	90",속초,2023.4.15,1.8
"	90",속초,2023.4.16,2.4
"	90",속초,2023.4.17,0.3
"	90",속초,2023.4.18,12
"	90",속초,2023.4.19,
"	90",속초,2023.4.20,
"	90",속초,2023.4.21,
"	90",속초,2023.4.22,
"	90",속초,2023.4.23,
"	90",속초,2023.4.24,3.2
"	90",속초,2023.4.25,0.9
"	90",속초,2023.4.26,1
"	90",속초,2023.4.27,
"	90",속초,2023.4.28,
"	90",속초,2023.4.29,2.9
"	90",속초,2023.4.30,0
"	90",속초,2023.5.1,0
"	90",속초,2023.5.2,
"	90",속초,2023.5.3,
"	90",속초,2023.5.4,
"	90",속초,2023.5.5,9.8
"	90",속초,2023.5.6,48.4
"	90",속초,2023.5.7,
"	90",속초,2023.5.8,
"	90",속초,2023.5.9,
"	90",속초,2023.5.10,
"	90",속초,2023.5.11,
"	90",속초,2023.5.12,
"	90",속초,2023.5.13,
"	90",속초,2023.5.14,0.1
"	90",속초,2023.5.15,
"	90",속초,2023.5.16,
"	90",속초,2023.5.17,
"	90",속초,2023.5.18,3.2
"	90",속초,2023.5.19,
"	90",속초,2023.5.20,
"	90",속초,2023.5.21,
"	90",속초,2023.5.22,
"	90",속초,2023.5.23,
"	90",속초,2023.5.24,
"	90",속초,2023.5.25,0
"	90",속초,2023.5.26,0
"	90",속초,2023.5.27,6.9
"	90",속초,2023.5.28,9.6
"	90",속초,2023.5.29,3
"	90",속초,2023.5.30,0
"	90",속초,2023.5.31,
"	90",속초,2023.6.1,0
"	90",속초,2023.6.2,0
"	90",속초,2023.6.3,
"	90",속초,2023.6.4,
"	90",속초,2023.6.5,
"	90",속초,2023.6.6,1.3
"	90",속초,2023.6.7,
"	90",속초,2023.6.8,0
"	90",속초,2023.6.9,12.6
"	90",속초,2023.6.10,23.1
"	90",속초,2023.6.11,4.9
"	90",속초,2023.6.12,2.3
"	90",속초,2023.6.13,16.1
"	90",속초,2023.6.14,0.2
"	90",속초,2023.6.15,0.2
"	90",속초,2023.6.16,
"	90",속초,2023.6.17,
"	90",속초,2023.6.18,
"	90",속초,2023.6.19,
"	90",속초,2023.6.20,0
"	90",속초,2023.6.21,38.2
"	90",속초,2023.6.22,2.2
"	90",속초,2023.6.23,
"	90",속초,2023.6.24,
"	90",속초,2023.6.25,
"	90",속초,2023.6.26,33.8
"	90",속초,2023.6.27,15.2
"	90",속초,2023.6.28,
"	90",속초,2023.6.29,37.6
"	90",속초,2023.6.30,12.4
"	90",속초,2023.7.1,
"	90",속초,2023.7.2,
"	90",속초,2023.7.3,
"	90",속초,2023.7.4,14.9
"	90",속초,2023.7.5,19.4
"	90",속초,2023.7.6,
"	90",속초,2023.7.7,
"	90",속초,2023.7.8,
"	90",속초,2023.7.9,29.4
"	90",속초,2023.7.10,7.4
"	90",속초,2023.7.11,1.1
"	90",속초,2023.7.12,
"	90",속초,2023.7.13,9.5
"	90",속초,2023.7.14,10.3
"	90",속초,2023.7.15,0.6
"	90",속초,2023.7.16,0
"	90",속초,2023.7.17,0
"	90",속초,2023.7.18,0.7
"	90",속초,2023.7.19,
"	90",속초,2023.7.20,
"	90",속초,2023.7.21,
"	90",속초,2023.7.22,0.1
"	90",속초,2023.7.23,3.5
"	90",속초,2023.7.24,8.5
"	90",속초,2023.7.25,
"	90",속초,2023.7.26,2.8
"	90",속초,2023.7.27,
"	90",속초,2023.7.28,
"	90",속초,2023.7.29,0
"	90",속초,2023.7.30,
"	90",속초,2023.7.31,
"	90",속초,2023.8.1,
"	90",속초,2023.8.2,
"	90",속초,2023.8.3,
"	90",속초,2023.8.4,
"	90",속초,2023.8.5,
"	90",속초,2023.8.6,55
"	90",속초,2023.8.7,67.3
"	90",속초,2023.8.8,0.4
"	90",속초,2023.8.9,34.1
"	90",속초,2023.8.10,368.7
"	90",속초,2023.8.11,0.3
"	90",속초,2023.8.12,0.1
"	90",속초,2023.8.13,0
"	90",속초,2023.8.14,0
"	90",속초,2023.8.15,1.8
"	90",속초,2023.8.16,0
"	90",속초,2023.8.17,
"	90",속초,2023.8.18,0.2
"	90",속초,2023.8.19,
"	90",속초,2023.8.20,6.7
"	90",속초,2023.8.21,
"	90",속초,2023.8.22,0.3
"	90",속초,2023.8.23,59.7
"	90",속초,2023.8.24,29.7
"	90",속초,2023.8.25,6.5
"	90",속초,2023.8.26,
"	90",속초,2023.8.27,
"	90",속초,2023.8.28,13.9
"	90",속초,2023.8.29,1.9
"	90",속초,2023.8.30,23
"	90",속초,2023.8.31,
"	90",속초,2023.9.1,
"	90",속초,2023.9.2,
"	90",속초,2023.9.3,0.7
"	90",속초,2023.9.4,
"	90",속초,2023.9.5,
"	90",속초,2023.9.6,0.3
"	90",속초,2023.9.7,
"	90",속초,2023.9.8,
"	90",속초,2023.9.9,
"	90",속초,2023.9.10,
"	90",속초,2023.9.11,
"	90",속초,2023.9.12,
"	90",속초,2023.9.13,76.8
"	90",속초,2023.9.14,5.7
"	90",속초,2023.9.15,7
"	90",속초,2023.9.16,11.4
"	90",속초,2023.9.17,10.6
"	90",속초,2023.9.18,0.2
"	90",속초,2023.9.19,
"	90",속초,2023.9.20,61.1
"	90",속초,2023.9.21,1.9
"	90",속초,2023.9.22,
"	90",속초,2023.9.23,
"	90",속초,2023.9.24,
"	90",속초,2023.9.25,1.3
"	90",속초,2023.9.26,22.1
"	90",속초,2023.9.27,9.1
"	90",속초,2023.9.28,
"	90",속초,2023.9.29,
"	90",속초,2023.9.30,
"	90",속초,2023.10.1,
"	90",속초,2023.10.2,
"	90",속초,2023.10.3,
"	90",속초,2023.10.4,
"	90",속초,2023.10.5,
"	90",속초,2023.10.6,
"	90",속초,2023.10.7,2.4
"	90",속초,2023.10.8,18.7
"	90",속초,2023.10.9,0
"	90",속초,2023.10.10,1.3
"	90",속초,2023.10.11,
"	90",속초,2023.10.12,
"	90",속초,2023.10.13,
"	90",속초,2023.10.14,0.7
"	90",속초,2023.10.15,
"	90",속초,2023.10.16,0.6
"	90",속초,2023.10.17,
"	90",속초,2023.10.18,
"	90",속초,2023.10.19,0
"	90",속초,2023.10.20,
"	90",속초,2023.10.21,
"	90",속초,2023.10.22,
"	90",속초,2023.10.23,
"	90",속초,2023.10.24,
"	90",속초,2023.10.25,
"	90",속초,2023.10.26,0.4
"	90",속초,2023.10.27,7.3
"	90",속초,2023.10.28,0
"	90",속초,2023.10.29,
"	90",속초,2023.10.30,
"	90",속초,2023.10.31,
"	90",속초,2023.11.1,0
"	90",속초,2023.11.2,
"	90",속초,2023.11.3,27.7
"	90",속초,2023.11.4,19.9
"	90",속초,2023.11.5,4.1
"	90",속초,2023.11.6,8
"	90",속초,2023.11.7,
"	90",속초,2023.11.8,
"	90",속초,2023.11.9,
"	90",속초,2023.11.10,
"	90",속초,2023.11.11,
"	90",속초,2023.11.12,
"	90",속초,2023.11.13,
"	90",속초,2023.11.14,
"	90",속초,2023.11.15,
"	90",속초,2023.11.16,0
"	90",속초,2023.11.17,
"	90",속초,2023.11.18,
"	90",속초,2023.11.19,
"	90",속초,2023.11.20,
"	90",속초,2023.11.21,
"	90",속초,2023.11.22,
"	90",속초,2023.11.23,0.4
"	90",속초,2023.11.24,
"	90",속초,2023.11.25,
"	90",속초,2023.11.26,
"	90",속초,2023.11.27,0
"	90",속초,2023.11.28,
"	90",속초,2023.11.29,
"	90",속초,2023.11.30,
"	90",속초,2023.12.1,
"	90",속초,2023.12.2,0
"	90",속초,2023.12.3,
"	90",속초,2023.12.4,
"	90",속초,2023.12.5,
"	90",속초,2023.12.6,0.3
"	90",속초,2023.12.7,
"	90",속초,2023.12.8,
"	90",속초,2023.12.9,
"	90",속초,2023.12.10,22.4
"	90",속초,2023.12.11,66.6
"	90",속초,2023.12.12,11.5
"	90",속초,2023.12.13,
"	90",속초,2023.12.14,38.2
"	90",속초,2023.12.15,38.1
"	90",속초,2023.12.16,0.4
"	90",속초,2023.12.17,0
"	90",속초,2023.12.18,
"	90",속초,2023.12.19,
"	90",속초,2023.12.20,
"	90",속초,2023.12.21,
"	90",속초,2023.12.22,
"	90",속초,2023.12.23,
"	90",속초,2023.12.24,
"	90",속초,2023.12.25,
"	90",속초,2023.12.26,
"	90",속초,2023.12.27,
"	90",속초,2023.12.28,
"	90",속초,2023.12.29,
"	90",속초,2023.12.30,0.7
"	90",속초,2023.12.31,26.8
"	",,,
"	",,,
"	",,,
"		",,,
"	",,,
"	",,,